riscv,uopc,iq,fu,category,token,medium_ports,hw_units,demand,prior_w_mA
SLLI_RV32,uopSLLI,INT,FU_ALU,INT_ALU,LOW,"INT0,INT1","ALU,intRF",short,8
SRLI_RV32,uopSRLI,INT,FU_ALU,INT_ALU,LOW,"INT0,INT1","ALU,intRF",short,8
SRAI_RV32,uopSRAI,INT,FU_ALU,INT_ALU,LOW,"INT0,INT1","ALU,intRF",short,8
LD,uopLD,MEM,FU_MEM,MEM_LD,MID,MEM0,"AGU,LDQ/STQ,D$,MSHR",medium,22
LWU,uopLD,MEM,FU_MEM,MEM_LD,MID,MEM0,"AGU,LDQ/STQ,D$,MSHR",medium,22
SD,uopSTA,MEM,FU_MEM,MEM_ST,MID,MEM0,"AGU,LDQ/STQ,D$,MSHR",medium,18
SLLI,uopSLLI,INT,FU_ALU,INT_ALU,LOW,"INT0,INT1","ALU,intRF",short,8
SRLI,uopSRLI,INT,FU_ALU,INT_ALU,LOW,"INT0,INT1","ALU,intRF",short,8
SRAI,uopSRAI,INT,FU_ALU,INT_ALU,LOW,"INT0,INT1","ALU,intRF",short,8
ADDIW,uopADDIW,INT,FU_ALU,INT_ALU,LOW,"INT0,INT1","ALU,intRF",short,8
SLLIW,uopSLLIW,INT,FU_ALU,INT_ALU,LOW,"INT0,INT1","ALU,intRF",short,8
SRAIW,uopSRAIW,INT,FU_ALU,INT_ALU,LOW,"INT0,INT1","ALU,intRF",short,8
SRLIW,uopSRLIW,INT,FU_ALU,INT_ALU,LOW,"INT0,INT1","ALU,intRF",short,8
ADDW,uopADDW,INT,FU_ALU,INT_ALU,LOW,"INT0,INT1","ALU,intRF",short,8
SUBW,uopSUBW,INT,FU_ALU,INT_ALU,LOW,"INT0,INT1","ALU,intRF",short,8
SLLW,uopSLLW,INT,FU_ALU,INT_ALU,LOW,"INT0,INT1","ALU,intRF",short,8
SRAW,uopSRAW,INT,FU_ALU,INT_ALU,LOW,"INT0,INT1","ALU,intRF",short,8
SRLW,uopSRLW,INT,FU_ALU,INT_ALU,LOW,"INT0,INT1","ALU,intRF",short,8
LW,uopLD,MEM,FU_MEM,MEM_LD,MID,MEM0,"AGU,LDQ/STQ,D$,MSHR",medium,22
LH,uopLD,MEM,FU_MEM,MEM_LD,MID,MEM0,"AGU,LDQ/STQ,D$,MSHR",medium,22
LHU,uopLD,MEM,FU_MEM,MEM_LD,MID,MEM0,"AGU,LDQ/STQ,D$,MSHR",medium,22
LB,uopLD,MEM,FU_MEM,MEM_LD,MID,MEM0,"AGU,LDQ/STQ,D$,MSHR",medium,22
LBU,uopLD,MEM,FU_MEM,MEM_LD,MID,MEM0,"AGU,LDQ/STQ,D$,MSHR",medium,22
SW,uopSTA,MEM,FU_MEM,MEM_ST,MID,MEM0,"AGU,LDQ/STQ,D$,MSHR",medium,18
SH,uopSTA,MEM,FU_MEM,MEM_ST,MID,MEM0,"AGU,LDQ/STQ,D$,MSHR",medium,18
SB,uopSTA,MEM,FU_MEM,MEM_ST,MID,MEM0,"AGU,LDQ/STQ,D$,MSHR",medium,18
LUI,uopLUI,INT,FU_ALU,INT_ALU,LOW,"INT0,INT1","ALU,intRF",short,8
ADDI,uopADDI,INT,FU_ALU,INT_ALU,LOW,"INT0,INT1","ALU,intRF",short,8
ANDI,uopANDI,INT,FU_ALU,INT_ALU,LOW,"INT0,INT1","ALU,intRF",short,8
ORI,uopORI,INT,FU_ALU,INT_ALU,LOW,"INT0,INT1","ALU,intRF",short,8
XORI,uopXORI,INT,FU_ALU,INT_ALU,LOW,"INT0,INT1","ALU,intRF",short,8
SLTI,uopSLTI,INT,FU_ALU,INT_ALU,LOW,"INT0,INT1","ALU,intRF",short,8
SLTIU,uopSLTIU,INT,FU_ALU,INT_ALU,LOW,"INT0,INT1","ALU,intRF",short,8
SLL,uopSLL,INT,FU_ALU,INT_ALU,LOW,"INT0,INT1","ALU,intRF",short,8
ADD,uopADD,INT,FU_ALU,INT_ALU,LOW,"INT0,INT1","ALU,intRF",short,8
SUB,uopSUB,INT,FU_ALU,INT_ALU,LOW,"INT0,INT1","ALU,intRF",short,8
SLT,uopSLT,INT,FU_ALU,INT_ALU,LOW,"INT0,INT1","ALU,intRF",short,8
SLTU,uopSLTU,INT,FU_ALU,INT_ALU,LOW,"INT0,INT1","ALU,intRF",short,8
AND,uopAND,INT,FU_ALU,INT_ALU,LOW,"INT0,INT1","ALU,intRF",short,8
OR,uopOR,INT,FU_ALU,INT_ALU,LOW,"INT0,INT1","ALU,intRF",short,8
XOR,uopXOR,INT,FU_ALU,INT_ALU,LOW,"INT0,INT1","ALU,intRF",short,8
SRA,uopSRA,INT,FU_ALU,INT_ALU,LOW,"INT0,INT1","ALU,intRF",short,8
SRL,uopSRL,INT,FU_ALU,INT_ALU,LOW,"INT0,INT1","ALU,intRF",short,8
MUL,uopMUL,INT,FU_MUL,INT_MUL,HIGH,INT0,"IMul,intRF",medium,28
MULH,uopMULH,INT,FU_MUL,INT_MUL,HIGH,INT0,"IMul,intRF",medium,28
MULHU,uopMULHU,INT,FU_MUL,INT_MUL,HIGH,INT0,"IMul,intRF",medium,28
MULHSU,uopMULHSU,INT,FU_MUL,INT_MUL,HIGH,INT0,"IMul,intRF",medium,28
MULW,uopMULW,INT,FU_MUL,INT_MUL,HIGH,INT0,"IMul,intRF",medium,28
DIV,uopDIV,INT,FU_DIV,INT_DIV,HIGH,INT1,"IDiv,intRF",long,35
DIVU,uopDIVU,INT,FU_DIV,INT_DIV,HIGH,INT1,"IDiv,intRF",long,35
REM,uopREM,INT,FU_DIV,INT_DIV,HIGH,INT1,"IDiv,intRF",long,35
REMU,uopREMU,INT,FU_DIV,INT_DIV,HIGH,INT1,"IDiv,intRF",long,35
DIVW,uopDIVW,INT,FU_DIV,INT_DIV,HIGH,INT1,"IDiv,intRF",long,35
DIVUW,uopDIVUW,INT,FU_DIV,INT_DIV,HIGH,INT1,"IDiv,intRF",long,35
REMW,uopREMW,INT,FU_DIV,INT_DIV,HIGH,INT1,"IDiv,intRF",long,35
REMUW,uopREMUW,INT,FU_DIV,INT_DIV,HIGH,INT1,"IDiv,intRF",long,35
AUIPC,uopAUIPC,INT,FU_JMP,INT_BR,LOW,INT0,"ALU/BRU,BTB,gshare,RAS,intRF",short,10
JAL,uopJAL,INT,FU_JMP,INT_BR,LOW,INT0,"ALU/BRU,BTB,gshare,RAS,intRF",short,10
JALR,uopJALR,INT,FU_JMP,INT_BR,LOW,INT0,"ALU/BRU,BTB,gshare,RAS,intRF",short,10
BEQ,uopBEQ,INT,FU_ALU,INT_BR,LOW,"INT0,INT1","ALU,intRF",short,10
BNE,uopBNE,INT,FU_ALU,INT_BR,LOW,"INT0,INT1","ALU,intRF",short,10
BGE,uopBGE,INT,FU_ALU,INT_BR,LOW,"INT0,INT1","ALU,intRF",short,10
BGEU,uopBGEU,INT,FU_ALU,INT_BR,LOW,"INT0,INT1","ALU,intRF",short,10
BLT,uopBLT,INT,FU_ALU,INT_BR,LOW,"INT0,INT1","ALU,intRF",short,10
BLTU,uopBLTU,INT,FU_ALU,INT_BR,LOW,"INT0,INT1","ALU,intRF",short,10
CSRRW,uopCSRRW,INT,FU_CSR,INT_CSR,MID,INT1,"CSR pipe,intRF",short,12
CSRRS,uopCSRRS,INT,FU_CSR,INT_CSR,MID,INT1,"CSR pipe,intRF",short,12
CSRRC,uopCSRRC,INT,FU_CSR,INT_CSR,MID,INT1,"CSR pipe,intRF",short,12
CSRRWI,uopCSRRWI,INT,FU_CSR,INT_CSR,MID,INT1,"CSR pipe,intRF",short,12
CSRRSI,uopCSRRSI,INT,FU_CSR,INT_CSR,MID,INT1,"CSR pipe,intRF",short,12
CSRRCI,uopCSRRCI,INT,FU_CSR,INT_CSR,MID,INT1,"CSR pipe,intRF",short,12
SFENCE_VMA,uopSFENCE,MEM,FU_MEM,SYS,LOW,MEM0,"AGU,LDQ/STQ,D$,MSHR",medium,6
SCALL,uopERET,INT,FU_CSR,INT_CSR,MID,INT1,"CSR pipe,intRF",short,12
SBREAK,uopERET,INT,FU_CSR,INT_CSR,MID,INT1,"CSR pipe,intRF",short,12
SRET,uopERET,INT,FU_CSR,INT_CSR,MID,INT1,"CSR pipe,intRF",short,12
MRET,uopERET,INT,FU_CSR,INT_CSR,MID,INT1,"CSR pipe,intRF",short,12
DRET,uopERET,INT,FU_CSR,INT_CSR,MID,INT1,"CSR pipe,intRF",short,12
WFI,uopWFI,INT,FU_CSR,INT_CSR,MID,INT1,"CSR pipe,intRF",short,12
FENCE_I,uopNOP,INT,FU_X,SYS,LOW,none,pipeline serialize,long,6
FENCE,uopFENCE,INT,FU_MEM,SYS,LOW,MEM0,"AGU,LDQ/STQ,D$,MSHR",medium,6
AMOADD_W,uopAMO_AG,MEM,FU_MEM,MEM_AMO,HIGH,MEM0,"AGU,LDQ/STQ,D$,MSHR",medium,30
AMOXOR_W,uopAMO_AG,MEM,FU_MEM,MEM_AMO,HIGH,MEM0,"AGU,LDQ/STQ,D$,MSHR",medium,30
AMOSWAP_W,uopAMO_AG,MEM,FU_MEM,MEM_AMO,HIGH,MEM0,"AGU,LDQ/STQ,D$,MSHR",medium,30
AMOAND_W,uopAMO_AG,MEM,FU_MEM,MEM_AMO,HIGH,MEM0,"AGU,LDQ/STQ,D$,MSHR",medium,30
AMOOR_W,uopAMO_AG,MEM,FU_MEM,MEM_AMO,HIGH,MEM0,"AGU,LDQ/STQ,D$,MSHR",medium,30
AMOMIN_W,uopAMO_AG,MEM,FU_MEM,MEM_AMO,HIGH,MEM0,"AGU,LDQ/STQ,D$,MSHR",medium,30
AMOMINU_W,uopAMO_AG,MEM,FU_MEM,MEM_AMO,HIGH,MEM0,"AGU,LDQ/STQ,D$,MSHR",medium,30
AMOMAX_W,uopAMO_AG,MEM,FU_MEM,MEM_AMO,HIGH,MEM0,"AGU,LDQ/STQ,D$,MSHR",medium,30
AMOMAXU_W,uopAMO_AG,MEM,FU_MEM,MEM_AMO,HIGH,MEM0,"AGU,LDQ/STQ,D$,MSHR",medium,30
AMOADD_D,uopAMO_AG,MEM,FU_MEM,MEM_AMO,HIGH,MEM0,"AGU,LDQ/STQ,D$,MSHR",medium,30
AMOXOR_D,uopAMO_AG,MEM,FU_MEM,MEM_AMO,HIGH,MEM0,"AGU,LDQ/STQ,D$,MSHR",medium,30
AMOSWAP_D,uopAMO_AG,MEM,FU_MEM,MEM_AMO,HIGH,MEM0,"AGU,LDQ/STQ,D$,MSHR",medium,30
AMOAND_D,uopAMO_AG,MEM,FU_MEM,MEM_AMO,HIGH,MEM0,"AGU,LDQ/STQ,D$,MSHR",medium,30
AMOOR_D,uopAMO_AG,MEM,FU_MEM,MEM_AMO,HIGH,MEM0,"AGU,LDQ/STQ,D$,MSHR",medium,30
AMOMIN_D,uopAMO_AG,MEM,FU_MEM,MEM_AMO,HIGH,MEM0,"AGU,LDQ/STQ,D$,MSHR",medium,30
AMOMINU_D,uopAMO_AG,MEM,FU_MEM,MEM_AMO,HIGH,MEM0,"AGU,LDQ/STQ,D$,MSHR",medium,30
AMOMAX_D,uopAMO_AG,MEM,FU_MEM,MEM_AMO,HIGH,MEM0,"AGU,LDQ/STQ,D$,MSHR",medium,30
AMOMAXU_D,uopAMO_AG,MEM,FU_MEM,MEM_AMO,HIGH,MEM0,"AGU,LDQ/STQ,D$,MSHR",medium,30
LR_W,uopLD,MEM,FU_MEM,MEM_LD,MID,MEM0,"AGU,LDQ/STQ,D$,MSHR",medium,22
LR_D,uopLD,MEM,FU_MEM,MEM_LD,MID,MEM0,"AGU,LDQ/STQ,D$,MSHR",medium,22
SC_W,uopAMO_AG,MEM,FU_MEM,MEM_AMO,HIGH,MEM0,"AGU,LDQ/STQ,D$,MSHR",medium,30
SC_D,uopAMO_AG,MEM,FU_MEM,MEM_AMO,HIGH,MEM0,"AGU,LDQ/STQ,D$,MSHR",medium,30
FLW,uopLD,MEM,FU_MEM,MEM_LD,MID,MEM0,"AGU,LDQ/STQ,D$,MSHR",medium,22
FLD,uopLD,MEM,FU_MEM,MEM_LD,MID,MEM0,"AGU,LDQ/STQ,D$,MSHR",medium,22
FSW,uopSTA,MFP,FU_F2IMEM,MEM_ST,MID,"MEM0,FP0","F2I + AGU,STQ,D$,fpRF",medium,18
FSD,uopSTA,MFP,FU_F2IMEM,MEM_ST,MID,"MEM0,FP0","F2I + AGU,STQ,D$,fpRF",medium,18
FCLASS_S,uopFCLASS_S,FP,FU_F2I,FP_MOV,MID,FP0,"FPToInt,fpRF,intRF",short,16
FCLASS_D,uopFCLASS_D,FP,FU_F2I,FP_MOV,MID,FP0,"FPToInt,fpRF,intRF",short,16
FMV_S_X,uopFMV_S_X,INT,FU_I2F,FP_MOV,MID,INT0,"IntToFP,intRF,fpRF",short,16
FMV_D_X,uopFMV_D_X,INT,FU_I2F,FP_MOV,MID,INT0,"IntToFP,intRF,fpRF",short,16
FMV_X_S,uopFMV_X_S,FP,FU_F2I,FP_MOV,MID,FP0,"FPToInt,fpRF,intRF",short,16
FMV_X_D,uopFMV_X_D,FP,FU_F2I,FP_MOV,MID,FP0,"FPToInt,fpRF,intRF",short,16
FSGNJ_S,uopFSGNJ_S,FP,FU_FPU,FP_ALU,HIGH,FP0,"FPU,fpRF",medium,32
FSGNJ_D,uopFSGNJ_D,FP,FU_FPU,FP_ALU,HIGH,FP0,"FPU,fpRF",medium,32
FSGNJX_S,uopFSGNJ_S,FP,FU_FPU,FP_ALU,HIGH,FP0,"FPU,fpRF",medium,32
FSGNJX_D,uopFSGNJ_D,FP,FU_FPU,FP_ALU,HIGH,FP0,"FPU,fpRF",medium,32
FSGNJN_S,uopFSGNJ_S,FP,FU_FPU,FP_ALU,HIGH,FP0,"FPU,fpRF",medium,32
FSGNJN_D,uopFSGNJ_D,FP,FU_FPU,FP_ALU,HIGH,FP0,"FPU,fpRF",medium,32
FCVT_S_D,uopFCVT_S_D,FP,FU_FPU,FP_ALU,HIGH,FP0,"FPU,fpRF",medium,32
FCVT_D_S,uopFCVT_D_S,FP,FU_FPU,FP_ALU,HIGH,FP0,"FPU,fpRF",medium,32
FCVT_S_W,uopFCVT_S_X,INT,FU_I2F,FP_MOV,MID,INT0,"IntToFP,intRF,fpRF",short,16
FCVT_S_WU,uopFCVT_S_X,INT,FU_I2F,FP_MOV,MID,INT0,"IntToFP,intRF,fpRF",short,16
FCVT_S_L,uopFCVT_S_X,INT,FU_I2F,FP_MOV,MID,INT0,"IntToFP,intRF,fpRF",short,16
FCVT_S_LU,uopFCVT_S_X,INT,FU_I2F,FP_MOV,MID,INT0,"IntToFP,intRF,fpRF",short,16
FCVT_D_W,uopFCVT_D_X,INT,FU_I2F,FP_MOV,MID,INT0,"IntToFP,intRF,fpRF",short,16
FCVT_D_WU,uopFCVT_D_X,INT,FU_I2F,FP_MOV,MID,INT0,"IntToFP,intRF,fpRF",short,16
FCVT_D_L,uopFCVT_D_X,INT,FU_I2F,FP_MOV,MID,INT0,"IntToFP,intRF,fpRF",short,16
FCVT_D_LU,uopFCVT_D_X,INT,FU_I2F,FP_MOV,MID,INT0,"IntToFP,intRF,fpRF",short,16
FCVT_W_S,uopFCVT_X_S,FP,FU_F2I,FP_MOV,MID,FP0,"FPToInt,fpRF,intRF",short,16
FCVT_WU_S,uopFCVT_X_S,FP,FU_F2I,FP_MOV,MID,FP0,"FPToInt,fpRF,intRF",short,16
FCVT_L_S,uopFCVT_X_S,FP,FU_F2I,FP_MOV,MID,FP0,"FPToInt,fpRF,intRF",short,16
FCVT_LU_S,uopFCVT_X_S,FP,FU_F2I,FP_MOV,MID,FP0,"FPToInt,fpRF,intRF",short,16
FCVT_W_D,uopFCVT_X_D,FP,FU_F2I,FP_MOV,MID,FP0,"FPToInt,fpRF,intRF",short,16
FCVT_WU_D,uopFCVT_X_D,FP,FU_F2I,FP_MOV,MID,FP0,"FPToInt,fpRF,intRF",short,16
FCVT_L_D,uopFCVT_X_D,FP,FU_F2I,FP_MOV,MID,FP0,"FPToInt,fpRF,intRF",short,16
FCVT_LU_D,uopFCVT_X_D,FP,FU_F2I,FP_MOV,MID,FP0,"FPToInt,fpRF,intRF",short,16
FEQ_S,uopCMPR_S,FP,FU_F2I,FP_MOV,MID,FP0,"FPToInt,fpRF,intRF",short,16
FLT_S,uopCMPR_S,FP,FU_F2I,FP_MOV,MID,FP0,"FPToInt,fpRF,intRF",short,16
FLE_S,uopCMPR_S,FP,FU_F2I,FP_MOV,MID,FP0,"FPToInt,fpRF,intRF",short,16
FEQ_D,uopCMPR_D,FP,FU_F2I,FP_MOV,MID,FP0,"FPToInt,fpRF,intRF",short,16
FLT_D,uopCMPR_D,FP,FU_F2I,FP_MOV,MID,FP0,"FPToInt,fpRF,intRF",short,16
FLE_D,uopCMPR_D,FP,FU_F2I,FP_MOV,MID,FP0,"FPToInt,fpRF,intRF",short,16
FMIN_S,uopFMINMAX_S,FP,FU_FPU,FP_ALU,HIGH,FP0,"FPU,fpRF",medium,32
FMAX_S,uopFMINMAX_S,FP,FU_FPU,FP_ALU,HIGH,FP0,"FPU,fpRF",medium,32
FMIN_D,uopFMINMAX_D,FP,FU_FPU,FP_ALU,HIGH,FP0,"FPU,fpRF",medium,32
FMAX_D,uopFMINMAX_D,FP,FU_FPU,FP_ALU,HIGH,FP0,"FPU,fpRF",medium,32
FADD_S,uopFADD_S,FP,FU_FPU,FP_ALU,HIGH,FP0,"FPU,fpRF",medium,32
FSUB_S,uopFSUB_S,FP,FU_FPU,FP_ALU,HIGH,FP0,"FPU,fpRF",medium,32
FMUL_S,uopFMUL_S,FP,FU_FPU,FP_ALU,HIGH,FP0,"FPU,fpRF",medium,32
FADD_D,uopFADD_D,FP,FU_FPU,FP_ALU,HIGH,FP0,"FPU,fpRF",medium,32
FSUB_D,uopFSUB_D,FP,FU_FPU,FP_ALU,HIGH,FP0,"FPU,fpRF",medium,32
FMUL_D,uopFMUL_D,FP,FU_FPU,FP_ALU,HIGH,FP0,"FPU,fpRF",medium,32
FMADD_S,uopFMADD_S,FP,FU_FPU,FP_FMA,HIGH,FP0,"FPU,fpRF",medium,40
FMSUB_S,uopFMSUB_S,FP,FU_FPU,FP_FMA,HIGH,FP0,"FPU,fpRF",medium,40
FNMADD_S,uopFNMADD_S,FP,FU_FPU,FP_FMA,HIGH,FP0,"FPU,fpRF",medium,40
FNMSUB_S,uopFNMSUB_S,FP,FU_FPU,FP_FMA,HIGH,FP0,"FPU,fpRF",medium,40
FMADD_D,uopFMADD_D,FP,FU_FPU,FP_FMA,HIGH,FP0,"FPU,fpRF",medium,40
FMSUB_D,uopFMSUB_D,FP,FU_FPU,FP_FMA,HIGH,FP0,"FPU,fpRF",medium,40
FNMADD_D,uopFNMADD_D,FP,FU_FPU,FP_FMA,HIGH,FP0,"FPU,fpRF",medium,40
FNMSUB_D,uopFNMSUB_D,FP,FU_FPU,FP_FMA,HIGH,FP0,"FPU,fpRF",medium,40
FDIV_S,uopFDIV_S,FP,FU_FDV,FP_DIV,HIGH,FP0,"FDiv/Sqrt,fpRF",long,45
FDIV_D,uopFDIV_D,FP,FU_FDV,FP_DIV,HIGH,FP0,"FDiv/Sqrt,fpRF",long,45
FSQRT_S,uopFSQRT_S,FP,FU_FDV,FP_DIV,HIGH,FP0,"FDiv/Sqrt,fpRF",long,45
FSQRT_D,uopFSQRT_D,FP,FU_FDV,FP_DIV,HIGH,FP0,"FDiv/Sqrt,fpRF",long,45
CUSTOM0,uopROCC,INT,FU_CSR,INT_CSR,MID,INT1,"CSR pipe,intRF",short,12
CUSTOM0_RS1,uopROCC,INT,FU_CSR,INT_CSR,MID,INT1,"CSR pipe,intRF",short,12
CUSTOM0_RS1_RS2,uopROCC,INT,FU_CSR,INT_CSR,MID,INT1,"CSR pipe,intRF",short,12
CUSTOM0_RD,uopROCC,INT,FU_CSR,INT_CSR,MID,INT1,"CSR pipe,intRF",short,12
CUSTOM0_RD_RS1,uopROCC,INT,FU_CSR,INT_CSR,MID,INT1,"CSR pipe,intRF",short,12
CUSTOM0_RD_RS1_RS2,uopROCC,INT,FU_CSR,INT_CSR,MID,INT1,"CSR pipe,intRF",short,12
CUSTOM1,uopROCC,INT,FU_CSR,INT_CSR,MID,INT1,"CSR pipe,intRF",short,12
CUSTOM1_RS1,uopROCC,INT,FU_CSR,INT_CSR,MID,INT1,"CSR pipe,intRF",short,12
CUSTOM1_RS1_RS2,uopROCC,INT,FU_CSR,INT_CSR,MID,INT1,"CSR pipe,intRF",short,12
CUSTOM1_RD,uopROCC,INT,FU_CSR,INT_CSR,MID,INT1,"CSR pipe,intRF",short,12
CUSTOM1_RD_RS1,uopROCC,INT,FU_CSR,INT_CSR,MID,INT1,"CSR pipe,intRF",short,12
CUSTOM1_RD_RS1_RS2,uopROCC,INT,FU_CSR,INT_CSR,MID,INT1,"CSR pipe,intRF",short,12
CUSTOM2,uopROCC,INT,FU_CSR,INT_CSR,MID,INT1,"CSR pipe,intRF",short,12
CUSTOM2_RS1,uopROCC,INT,FU_CSR,INT_CSR,MID,INT1,"CSR pipe,intRF",short,12
CUSTOM2_RS1_RS2,uopROCC,INT,FU_CSR,INT_CSR,MID,INT1,"CSR pipe,intRF",short,12
CUSTOM2_RD,uopROCC,INT,FU_CSR,INT_CSR,MID,INT1,"CSR pipe,intRF",short,12
CUSTOM2_RD_RS1,uopROCC,INT,FU_CSR,INT_CSR,MID,INT1,"CSR pipe,intRF",short,12
CUSTOM2_RD_RS1_RS2,uopROCC,INT,FU_CSR,INT_CSR,MID,INT1,"CSR pipe,intRF",short,12
CUSTOM3,uopROCC,INT,FU_CSR,INT_CSR,MID,INT1,"CSR pipe,intRF",short,12
CUSTOM3_RS1,uopROCC,INT,FU_CSR,INT_CSR,MID,INT1,"CSR pipe,intRF",short,12
CUSTOM3_RS1_RS2,uopROCC,INT,FU_CSR,INT_CSR,MID,INT1,"CSR pipe,intRF",short,12
CUSTOM3_RD,uopROCC,INT,FU_CSR,INT_CSR,MID,INT1,"CSR pipe,intRF",short,12
CUSTOM3_RD_RS1,uopROCC,INT,FU_CSR,INT_CSR,MID,INT1,"CSR pipe,intRF",short,12
CUSTOM3_RD_RS1_RS2,uopROCC,INT,FU_CSR,INT_CSR,MID,INT1,"CSR pipe,intRF",short,12
